[
    { 
      "title": "Assiettes", 
      "url": "https://tinyurl.com/ycma3trs", 
      "price": 6
    },
    { 
      "title": "Verre", 
      "url": "https://tinyurl.com/yal7wuvx", 
      "price": 3
    },
    { 
      "title": "Tasses", 
      "url": "https://tinyurl.com/y7qrj4jt", 
      "price": 8
    },
    { 
      "title": "Bols", 
      "url": "https://tinyurl.com/ydh8paqw", 
      "price": 10
    },
    { 
      "title": "Ramequin", 
      "url": "https://tinyurl.com/ycerpmr4", 
      "price": 1
    }
]