[
    {
        "title": "Chaussettes",
        "url": "https://goo.gl/VY2H3h",
        "price": 3
    },
    {
        "title": "Slip",
        "url": "https://goo.gl/Lz7H1Q",
        "price": 6
    },
    {
        "title": "Soutien Gorge",
        "url": "https://goo.gl/Ur5iSa",
        "price": 20
    },
    {
        "title": "Caleçon",
        "url": "https://goo.gl/DGkt6b",
        "price": 20
    },
    {
        "title": "Soupe à la tomate",
        "url": "https://goo.gl/Vd2UJn",
        "price": 9.99
    }
]